rank_test_score,mean_test_score,std_test_score,mean_train_score,std_train_score,mean_fit_time,std_fit_time,mean_score_time,std_score_time,param_model__activation,param_model__alpha,param_model__hidden_layer_sizes,param_model__learning_rate_init,params,split0_test_score,split0_train_score
1,0.677430743003279,0.0,0.6752443859075489,0.0,160.9712359905243,0.0,0.6185085773468018,0.0,relu,0.1,"(50, 50)",0.01,"{'model__activation': 'relu', 'model__alpha': 0.1, 'model__hidden_layer_sizes': (50, 50), 'model__learning_rate_init': 0.01}",0.677430743003279,0.6752443859075489
2,0.6765353145595164,0.0,0.6918292271501915,0.0,17.35084080696106,0.0,0.051145315170288086,0.0,relu,0.01,"(50, 50)",0.01,"{'model__activation': 'relu', 'model__alpha': 0.01, 'model__hidden_layer_sizes': (50, 50), 'model__learning_rate_init': 0.01}",0.6765353145595164,0.6918292271501915
3,0.676136114146265,0.0,0.7106446792648058,0.0,23.616663932800293,0.0,0.0612795352935791,0.0,tanh,0.01,"(50,)",0.01,"{'model__activation': 'tanh', 'model__alpha': 0.01, 'model__hidden_layer_sizes': (50,), 'model__learning_rate_init': 0.01}",0.676136114146265,0.7106446792648058
4,0.6751204360016171,0.0,0.6910622255424153,0.0,16.875873565673828,0.0,0.07320284843444824,0.0,tanh,0.1,"(100,)",0.001,"{'model__activation': 'tanh', 'model__alpha': 0.1, 'model__hidden_layer_sizes': (100,), 'model__learning_rate_init': 0.001}",0.6751204360016171,0.6910622255424153
5,0.6738853583268118,0.0,0.700139342854726,0.0,16.041616439819336,0.0,0.07019686698913574,0.0,tanh,0.01,"(100,)",0.001,"{'model__activation': 'tanh', 'model__alpha': 0.01, 'model__hidden_layer_sizes': (100,), 'model__learning_rate_init': 0.001}",0.6738853583268118,0.700139342854726
6,0.6734678612437541,0.0,0.7017274786829598,0.0,17.24932026863098,0.0,0.0852508544921875,0.0,tanh,0.001,"(100,)",0.001,"{'model__activation': 'tanh', 'model__alpha': 0.001, 'model__hidden_layer_sizes': (100,), 'model__learning_rate_init': 0.001}",0.6734678612437541,0.7017274786829598
7,0.6731507319807426,0.0,0.7018059545383738,0.0,17.323970556259155,0.0,0.07321405410766602,0.0,tanh,0.0001,"(100,)",0.001,"{'model__activation': 'tanh', 'model__alpha': 0.0001, 'model__hidden_layer_sizes': (100,), 'model__learning_rate_init': 0.001}",0.6731507319807426,0.7018059545383738
7,0.6731507319807426,0.0,0.7018059545383738,0.0,17.52530336380005,0.0,0.06866788864135742,0.0,tanh,1e-05,"(100,)",0.001,"{'model__activation': 'tanh', 'model__alpha': 1e-05, 'model__hidden_layer_sizes': (100,), 'model__learning_rate_init': 0.001}",0.6731507319807426,0.7018059545383738
7,0.6731507319807426,0.0,0.7018059545383738,0.0,16.836752891540527,0.0,0.0787196159362793,0.0,tanh,1e-06,"(100,)",0.001,"{'model__activation': 'tanh', 'model__alpha': 1e-06, 'model__hidden_layer_sizes': (100,), 'model__learning_rate_init': 0.001}",0.6731507319807426,0.7018059545383738
10,0.6723618971988072,0.0,0.6795986155080834,0.0,16.93095636367798,0.0,0.047606706619262695,0.0,tanh,0.001,"(50,)",0.0001,"{'model__activation': 'tanh', 'model__alpha': 0.001, 'model__hidden_layer_sizes': (50,), 'model__learning_rate_init': 0.0001}",0.6723618971988072,0.6795986155080834
11,0.6723208611516155,0.0,0.6796247584489107,0.0,19.628857612609863,0.0,0.054718971252441406,0.0,tanh,0.0001,"(50,)",0.0001,"{'model__activation': 'tanh', 'model__alpha': 0.0001, 'model__hidden_layer_sizes': (50,), 'model__learning_rate_init': 0.0001}",0.6723208611516155,0.6796247584489107
11,0.6723208611516155,0.0,0.6796615886286436,0.0,17.361042261123657,0.0,0.05265450477600098,0.0,tanh,1e-05,"(50,)",0.0001,"{'model__activation': 'tanh', 'model__alpha': 1e-05, 'model__hidden_layer_sizes': (50,), 'model__learning_rate_init': 0.0001}",0.6723208611516155,0.6796615886286436
11,0.6723208611516155,0.0,0.6796615886286436,0.0,17.25275492668152,0.0,0.04764509201049805,0.0,tanh,1e-06,"(50,)",0.0001,"{'model__activation': 'tanh', 'model__alpha': 1e-06, 'model__hidden_layer_sizes': (50,), 'model__learning_rate_init': 0.0001}",0.6723208611516155,0.6796615886286436
14,0.6721653294423537,0.0,0.6815799498901988,0.0,20.212563037872314,0.0,0.05364561080932617,0.0,tanh,0.1,"(50,)",0.0001,"{'model__activation': 'tanh', 'model__alpha': 0.1, 'model__hidden_layer_sizes': (50,), 'model__learning_rate_init': 0.0001}",0.6721653294423537,0.6815799498901988
15,0.6713806175141835,0.0,0.6795570060287331,0.0,16.389445781707764,0.0,0.08272051811218262,0.0,tanh,0.01,"(50,)",0.0001,"{'model__activation': 'tanh', 'model__alpha': 0.01, 'model__hidden_layer_sizes': (50,), 'model__learning_rate_init': 0.0001}",0.6713806175141835,0.6795570060287331
16,0.6710477845127814,0.0,0.6930881785032017,0.0,30.665560960769653,0.0,0.03457832336425781,0.0,relu,1e-06,"(50,)",0.0001,"{'model__activation': 'relu', 'model__alpha': 1e-06, 'model__hidden_layer_sizes': (50,), 'model__learning_rate_init': 0.0001}",0.6710477845127814,0.6930881785032017
17,0.6710163117631864,0.0,0.698038401796949,0.0,41.81253671646118,0.0,0.07266616821289062,0.0,tanh,0.001,"(50, 50)",0.0001,"{'model__activation': 'tanh', 'model__alpha': 0.001, 'model__hidden_layer_sizes': (50, 50), 'model__learning_rate_init': 0.0001}",0.6710163117631864,0.698038401796949
17,0.6710163117631864,0.0,0.6980847860670261,0.0,39.054245710372925,0.0,0.06716036796569824,0.0,tanh,0.0001,"(50, 50)",0.0001,"{'model__activation': 'tanh', 'model__alpha': 0.0001, 'model__hidden_layer_sizes': (50, 50), 'model__learning_rate_init': 0.0001}",0.6710163117631864,0.6980847860670261
19,0.6709762058372857,0.0,0.6981199460830501,0.0,37.765023946762085,0.0,0.06467485427856445,0.0,tanh,1e-05,"(50, 50)",0.0001,"{'model__activation': 'tanh', 'model__alpha': 1e-05, 'model__hidden_layer_sizes': (50, 50), 'model__learning_rate_init': 0.0001}",0.6709762058372857,0.6981199460830501
19,0.6709762058372857,0.0,0.6981199460830501,0.0,28.214975357055664,0.0,0.08018851280212402,0.0,tanh,1e-06,"(50, 50)",0.0001,"{'model__activation': 'tanh', 'model__alpha': 1e-06, 'model__hidden_layer_sizes': (50, 50), 'model__learning_rate_init': 0.0001}",0.6709762058372857,0.6981199460830501
21,0.6709048098780198,0.0,0.6929796935952461,0.0,30.08500099182129,0.0,0.04315495491027832,0.0,relu,1e-05,"(50,)",0.0001,"{'model__activation': 'relu', 'model__alpha': 1e-05, 'model__hidden_layer_sizes': (50,), 'model__learning_rate_init': 0.0001}",0.6709048098780198,0.6929796935952461
22,0.6708495687075369,0.0,0.6910719798183428,0.0,37.20526623725891,0.0,0.07525467872619629,0.0,tanh,0.1,"(100,)",0.0001,"{'model__activation': 'tanh', 'model__alpha': 0.1, 'model__hidden_layer_sizes': (100,), 'model__learning_rate_init': 0.0001}",0.6708495687075369,0.6910719798183428
23,0.6708244536913472,0.0,0.6930771478979123,0.0,27.47024703025818,0.0,0.03809094429016113,0.0,relu,0.0001,"(50,)",0.0001,"{'model__activation': 'relu', 'model__alpha': 0.0001, 'model__hidden_layer_sizes': (50,), 'model__learning_rate_init': 0.0001}",0.6708244536913472,0.6930771478979123
24,0.6707802555313654,0.0,0.6997410015225319,0.0,15.810148477554321,0.0,0.04475116729736328,0.0,relu,0.001,"(50, 50)",0.001,"{'model__activation': 'relu', 'model__alpha': 0.001, 'model__hidden_layer_sizes': (50, 50), 'model__learning_rate_init': 0.001}",0.6707802555313654,0.6997410015225319
25,0.6707530436485165,0.0,0.6939704600336927,0.0,42.681511878967285,0.0,0.09978532791137695,0.0,tanh,0.1,"(50, 50)",0.0001,"{'model__activation': 'tanh', 'model__alpha': 0.1, 'model__hidden_layer_sizes': (50, 50), 'model__learning_rate_init': 0.0001}",0.6707530436485165,0.6939704600336927
26,0.6706911387533298,0.0,0.6975394814174045,0.0,41.00465250015259,0.0,0.07220220565795898,0.0,tanh,0.01,"(50, 50)",0.0001,"{'model__activation': 'tanh', 'model__alpha': 0.01, 'model__hidden_layer_sizes': (50, 50), 'model__learning_rate_init': 0.0001}",0.6706911387533298,0.6975394814174045
27,0.6706588815460156,0.0,0.6929442909873023,0.0,26.93127727508545,0.0,0.036092519760131836,0.0,relu,0.001,"(50,)",0.0001,"{'model__activation': 'relu', 'model__alpha': 0.001, 'model__hidden_layer_sizes': (50,), 'model__learning_rate_init': 0.0001}",0.6706588815460156,0.6929442909873023
28,0.670641324041106,0.0,0.6927727952116558,0.0,29.87881898880005,0.0,0.051661014556884766,0.0,relu,0.01,"(50,)",0.0001,"{'model__activation': 'relu', 'model__alpha': 0.01, 'model__hidden_layer_sizes': (50,), 'model__learning_rate_init': 0.0001}",0.670641324041106,0.6927727952116558
29,0.6705284594726395,0.0,0.6902513449902989,0.0,15.672881841659546,0.0,0.07121610641479492,0.0,tanh,0.001,"(50, 50)",0.01,"{'model__activation': 'tanh', 'model__alpha': 0.001, 'model__hidden_layer_sizes': (50, 50), 'model__learning_rate_init': 0.01}",0.6705284594726395,0.6902513449902989
30,0.6703552493044791,0.0,0.7009480434984664,0.0,12.938043117523193,0.0,0.044643402099609375,0.0,tanh,1e-05,"(50,)",0.001,"{'model__activation': 'tanh', 'model__alpha': 1e-05, 'model__hidden_layer_sizes': (50,), 'model__learning_rate_init': 0.001}",0.6703552493044791,0.7009480434984664
30,0.6703552493044791,0.0,0.7009480434984664,0.0,12.572730541229248,0.0,0.04260659217834473,0.0,tanh,1e-06,"(50,)",0.001,"{'model__activation': 'tanh', 'model__alpha': 1e-06, 'model__hidden_layer_sizes': (50,), 'model__learning_rate_init': 0.001}",0.6703552493044791,0.7009480434984664
32,0.6702121426350072,0.0,0.7005967101174819,0.0,13.205412864685059,0.0,0.04366040229797363,0.0,tanh,0.001,"(50,)",0.001,"{'model__activation': 'tanh', 'model__alpha': 0.001, 'model__hidden_layer_sizes': (50,), 'model__learning_rate_init': 0.001}",0.6702121426350072,0.7005967101174819
33,0.6701720624466321,0.0,0.700866448549062,0.0,14.629182577133179,0.0,0.0541837215423584,0.0,tanh,0.0001,"(50,)",0.001,"{'model__activation': 'tanh', 'model__alpha': 0.0001, 'model__hidden_layer_sizes': (50,), 'model__learning_rate_init': 0.001}",0.6701720624466321,0.700866448549062
34,0.6700059134940302,0.0,0.7027786009768747,0.0,18.972893953323364,0.0,0.07121825218200684,0.0,relu,1e-05,"(100,)",0.01,"{'model__activation': 'relu', 'model__alpha': 1e-05, 'model__hidden_layer_sizes': (100,), 'model__learning_rate_init': 0.01}",0.6700059134940302,0.7027786009768747
35,0.6698817619389388,0.0,0.6813897106185375,0.0,28.079612970352173,0.0,0.07527780532836914,0.0,tanh,0.01,"(100,)",0.0001,"{'model__activation': 'tanh', 'model__alpha': 0.01, 'model__hidden_layer_sizes': (100,), 'model__learning_rate_init': 0.0001}",0.6698817619389388,0.6813897106185375
36,0.6694046543660749,0.0,0.6820812760247894,0.0,12.531972408294678,0.0,0.04009270668029785,0.0,relu,0.01,"(50,)",0.01,"{'model__activation': 'relu', 'model__alpha': 0.01, 'model__hidden_layer_sizes': (50,), 'model__learning_rate_init': 0.01}",0.6694046543660749,0.6820812760247894
37,0.6693890703438605,0.0,0.6816433099268163,0.0,26.26292610168457,0.0,0.0696709156036377,0.0,tanh,0.001,"(100,)",0.0001,"{'model__activation': 'tanh', 'model__alpha': 0.001, 'model__hidden_layer_sizes': (100,), 'model__learning_rate_init': 0.0001}",0.6693890703438605,0.6816433099268163
38,0.669348710901831,0.0,0.68176350210046,0.0,26.941034078598022,0.0,0.09136056900024414,0.0,tanh,0.0001,"(100,)",0.0001,"{'model__activation': 'tanh', 'model__alpha': 0.0001, 'model__hidden_layer_sizes': (100,), 'model__learning_rate_init': 0.0001}",0.669348710901831,0.68176350210046
38,0.669348710901831,0.0,0.68176350210046,0.0,26.1978657245636,0.0,0.06668925285339355,0.0,tanh,1e-05,"(100,)",0.0001,"{'model__activation': 'tanh', 'model__alpha': 1e-05, 'model__hidden_layer_sizes': (100,), 'model__learning_rate_init': 0.0001}",0.669348710901831,0.68176350210046
38,0.669348710901831,0.0,0.68176350210046,0.0,24.60089945793152,0.0,0.06513309478759766,0.0,tanh,1e-06,"(100,)",0.0001,"{'model__activation': 'tanh', 'model__alpha': 1e-06, 'model__hidden_layer_sizes': (100,), 'model__learning_rate_init': 0.0001}",0.669348710901831,0.68176350210046
41,0.6693325903380407,0.0,0.7065600690678553,0.0,23.15061902999878,0.0,0.05616569519042969,0.0,relu,0.1,"(50, 50)",0.001,"{'model__activation': 'relu', 'model__alpha': 0.1, 'model__hidden_layer_sizes': (50, 50), 'model__learning_rate_init': 0.001}",0.6693325903380407,0.7065600690678553
42,0.6692107525944108,0.0,0.6857005634292003,0.0,14.454662322998047,0.0,0.04918956756591797,0.0,relu,1e-06,"(50, 50)",0.001,"{'model__activation': 'relu', 'model__alpha': 1e-06, 'model__hidden_layer_sizes': (50, 50), 'model__learning_rate_init': 0.001}",0.6692107525944108,0.6857005634292003
43,0.6681370775288203,0.0,0.6857149398787298,0.0,20.989277839660645,0.0,0.051680803298950195,0.0,relu,1e-05,"(50, 50)",0.001,"{'model__activation': 'relu', 'model__alpha': 1e-05, 'model__hidden_layer_sizes': (50, 50), 'model__learning_rate_init': 0.001}",0.6681370775288203,0.6857149398787298
44,0.6674993170029436,0.0,0.6866498366086589,0.0,13.966352462768555,0.0,0.050618648529052734,0.0,relu,0.001,"(50, 50)",0.01,"{'model__activation': 'relu', 'model__alpha': 0.001, 'model__hidden_layer_sizes': (50, 50), 'model__learning_rate_init': 0.01}",0.6674993170029436,0.6866498366086589
45,0.667269061648637,0.0,0.6722960530556429,0.0,71.41747617721558,0.0,0.07423210144042969,0.0,tanh,0.1,"(100,)",1e-05,"{'model__activation': 'tanh', 'model__alpha': 0.1, 'model__hidden_layer_sizes': (100,), 'model__learning_rate_init': 1e-05}",0.667269061648637,0.6722960530556429
46,0.6668782729903683,0.0,0.6801202012312746,0.0,11.009925365447998,0.0,0.05865335464477539,0.0,tanh,0.001,"(50,)",0.01,"{'model__activation': 'tanh', 'model__alpha': 0.001, 'model__hidden_layer_sizes': (50,), 'model__learning_rate_init': 0.01}",0.6668782729903683,0.6801202012312746
47,0.6667557062685069,0.0,0.6688782736326487,0.0,47.352577447891235,0.0,0.07229900360107422,0.0,tanh,0.001,"(50,)",1e-05,"{'model__activation': 'tanh', 'model__alpha': 0.001, 'model__hidden_layer_sizes': (50,), 'model__learning_rate_init': 1e-05}",0.6667557062685069,0.6688782736326487
47,0.6667557062685069,0.0,0.6689162618472364,0.0,48.344268798828125,0.0,0.05263924598693848,0.0,tanh,0.0001,"(50,)",1e-05,"{'model__activation': 'tanh', 'model__alpha': 0.0001, 'model__hidden_layer_sizes': (50,), 'model__learning_rate_init': 1e-05}",0.6667557062685069,0.6689162618472364
47,0.6667557062685069,0.0,0.6689162618472364,0.0,46.51857256889343,0.0,0.050122737884521484,0.0,tanh,1e-05,"(50,)",1e-05,"{'model__activation': 'tanh', 'model__alpha': 1e-05, 'model__hidden_layer_sizes': (50,), 'model__learning_rate_init': 1e-05}",0.6667557062685069,0.6689162618472364
47,0.6667557062685069,0.0,0.6689162618472364,0.0,43.44346880912781,0.0,0.041581153869628906,0.0,tanh,1e-06,"(50,)",1e-05,"{'model__activation': 'tanh', 'model__alpha': 1e-06, 'model__hidden_layer_sizes': (50,), 'model__learning_rate_init': 1e-05}",0.6667557062685069,0.6689162618472364
51,0.6659788078206911,0.0,0.6736612166651945,0.0,79.05991578102112,0.0,0.08324646949768066,0.0,tanh,0.01,"(100,)",1e-05,"{'model__activation': 'tanh', 'model__alpha': 0.01, 'model__hidden_layer_sizes': (100,), 'model__learning_rate_init': 1e-05}",0.6659788078206911,0.6736612166651945
52,0.6658750922441721,0.0,0.6745950666699385,0.0,12.996320247650146,0.0,0.04464221000671387,0.0,tanh,0.1,"(50,)",0.01,"{'model__activation': 'tanh', 'model__alpha': 0.1, 'model__hidden_layer_sizes': (50,), 'model__learning_rate_init': 0.01}",0.6658750922441721,0.6745950666699385
53,0.6657679009025301,0.0,0.6918849738137242,0.0,41.87440800666809,0.0,0.0637054443359375,0.0,relu,0.1,"(50,)",0.0001,"{'model__activation': 'relu', 'model__alpha': 0.1, 'model__hidden_layer_sizes': (50,), 'model__learning_rate_init': 0.0001}",0.6657679009025301,0.6918849738137242
54,0.665473675313811,0.0,0.7000060901804893,0.0,21.047642707824707,0.0,0.07588028907775879,0.0,relu,0.0001,"(50, 50)",0.001,"{'model__activation': 'relu', 'model__alpha': 0.0001, 'model__hidden_layer_sizes': (50, 50), 'model__learning_rate_init': 0.001}",0.665473675313811,0.7000060901804893
55,0.6652529934051186,0.0,0.6970130076969261,0.0,34.84747076034546,0.0,0.05162692070007324,0.0,relu,0.01,"(100,)",0.0001,"{'model__activation': 'relu', 'model__alpha': 0.01, 'model__hidden_layer_sizes': (100,), 'model__learning_rate_init': 0.0001}",0.6652529934051186,0.6970130076969261
56,0.6651739463648968,0.0,0.6973932625646234,0.0,30.491262197494507,0.0,0.06680083274841309,0.0,relu,0.0001,"(100,)",0.0001,"{'model__activation': 'relu', 'model__alpha': 0.0001, 'model__hidden_layer_sizes': (100,), 'model__learning_rate_init': 0.0001}",0.6651739463648968,0.6973932625646234
57,0.6650822923012838,0.0,0.6972967843404567,0.0,31.905028343200684,0.0,0.05262923240661621,0.0,relu,0.001,"(100,)",0.0001,"{'model__activation': 'relu', 'model__alpha': 0.001, 'model__hidden_layer_sizes': (100,), 'model__learning_rate_init': 0.0001}",0.6650822923012838,0.6972967843404567
58,0.6648197399053937,0.0,0.671809576256773,0.0,81.03023266792297,0.0,0.07619500160217285,0.0,tanh,0.001,"(100,)",1e-05,"{'model__activation': 'tanh', 'model__alpha': 0.001, 'model__hidden_layer_sizes': (100,), 'model__learning_rate_init': 1e-05}",0.6648197399053937,0.671809576256773
59,0.6646995573975308,0.0,0.6718157125929953,0.0,64.92457151412964,0.0,0.09402918815612793,0.0,tanh,0.0001,"(100,)",1e-05,"{'model__activation': 'tanh', 'model__alpha': 0.0001, 'model__hidden_layer_sizes': (100,), 'model__learning_rate_init': 1e-05}",0.6646995573975308,0.6718157125929953
59,0.6646995573975308,0.0,0.6718157125929953,0.0,63.3183970451355,0.0,0.08119726181030273,0.0,tanh,1e-05,"(100,)",1e-05,"{'model__activation': 'tanh', 'model__alpha': 1e-05, 'model__hidden_layer_sizes': (100,), 'model__learning_rate_init': 1e-05}",0.6646995573975308,0.6718157125929953
59,0.6646995573975308,0.0,0.6718157125929953,0.0,47.95081281661987,0.0,0.05793333053588867,0.0,tanh,1e-06,"(100,)",1e-05,"{'model__activation': 'tanh', 'model__alpha': 1e-06, 'model__hidden_layer_sizes': (100,), 'model__learning_rate_init': 1e-05}",0.6646995573975308,0.6718157125929953
62,0.6642960587366693,0.0,0.6974550751094755,0.0,21.536448001861572,0.0,0.09136509895324707,0.0,tanh,0.01,"(50, 50)",0.001,"{'model__activation': 'tanh', 'model__alpha': 0.01, 'model__hidden_layer_sizes': (50, 50), 'model__learning_rate_init': 0.001}",0.6642960587366693,0.6974550751094755
63,0.6642646773729848,0.0,0.6893827300265296,0.0,28.058112621307373,0.0,0.04503035545349121,0.0,relu,0.1,"(100,)",0.0001,"{'model__activation': 'relu', 'model__alpha': 0.1, 'model__hidden_layer_sizes': (100,), 'model__learning_rate_init': 0.0001}",0.6642646773729848,0.6893827300265296
64,0.6642583363818925,0.0,0.7003079235983677,0.0,19.575904369354248,0.0,0.0772714614868164,0.0,tanh,0.001,"(50, 50)",0.001,"{'model__activation': 'tanh', 'model__alpha': 0.001, 'model__hidden_layer_sizes': (50, 50), 'model__learning_rate_init': 0.001}",0.6642583363818925,0.7003079235983677
65,0.6642192181888882,0.0,0.7003079235983677,0.0,19.172227144241333,0.0,0.06619620323181152,0.0,tanh,0.0001,"(50, 50)",0.001,"{'model__activation': 'tanh', 'model__alpha': 0.0001, 'model__hidden_layer_sizes': (50, 50), 'model__learning_rate_init': 0.001}",0.6642192181888882,0.7003079235983677
65,0.6642192181888882,0.0,0.7003318308771012,0.0,18.962669372558594,0.0,0.06264066696166992,0.0,tanh,1e-05,"(50, 50)",0.001,"{'model__activation': 'tanh', 'model__alpha': 1e-05, 'model__hidden_layer_sizes': (50, 50), 'model__learning_rate_init': 0.001}",0.6642192181888882,0.7003318308771012
65,0.6642192181888882,0.0,0.7003204724754517,0.0,17.103544235229492,0.0,0.06514430046081543,0.0,tanh,1e-06,"(50, 50)",0.001,"{'model__activation': 'tanh', 'model__alpha': 1e-06, 'model__hidden_layer_sizes': (50, 50), 'model__learning_rate_init': 0.001}",0.6642192181888882,0.7003204724754517
68,0.6642019142925282,0.0,0.6917194759152939,0.0,18.128892183303833,0.0,0.043647050857543945,0.0,relu,0.1,"(50,)",0.001,"{'model__activation': 'relu', 'model__alpha': 0.1, 'model__hidden_layer_sizes': (50,), 'model__learning_rate_init': 0.001}",0.6642019142925282,0.6917194759152939
69,0.6641802139898938,0.0,0.6820929279854162,0.0,21.191704511642456,0.0,0.07119464874267578,0.0,tanh,0.1,"(50, 50)",0.001,"{'model__activation': 'tanh', 'model__alpha': 0.1, 'model__hidden_layer_sizes': (50, 50), 'model__learning_rate_init': 0.001}",0.6641802139898938,0.6820929279854162
70,0.6639777923198139,0.0,0.6696717268001817,0.0,160.70399045944214,0.0,0.2621498107910156,0.0,relu,0.1,"(100,)",0.01,"{'model__activation': 'relu', 'model__alpha': 0.1, 'model__hidden_layer_sizes': (100,), 'model__learning_rate_init': 0.01}",0.6639777923198139,0.6696717268001817
71,0.6638539638625323,0.0,0.6809795118713258,0.0,10.693944692611694,0.0,0.04467058181762695,0.0,tanh,1e-05,"(50,)",0.01,"{'model__activation': 'tanh', 'model__alpha': 1e-05, 'model__hidden_layer_sizes': (50,), 'model__learning_rate_init': 0.01}",0.6638539638625323,0.6809795118713258
72,0.6634683984754324,0.0,0.6962272635921198,0.0,14.38158106803894,0.0,0.03865694999694824,0.0,relu,1e-06,"(50,)",0.001,"{'model__activation': 'relu', 'model__alpha': 1e-06, 'model__hidden_layer_sizes': (50,), 'model__learning_rate_init': 0.001}",0.6634683984754324,0.6962272635921198
73,0.6633274440330283,0.0,0.6989020273585187,0.0,23.123652458190918,0.0,0.07874417304992676,0.0,tanh,0.01,"(100,)",0.01,"{'model__activation': 'tanh', 'model__alpha': 0.01, 'model__hidden_layer_sizes': (100,), 'model__learning_rate_init': 0.01}",0.6633274440330283,0.6989020273585187
74,0.6632326874708032,0.0,0.6882734680713205,0.0,36.201168060302734,0.0,0.05973386764526367,0.0,relu,1e-05,"(100,)",0.0001,"{'model__activation': 'relu', 'model__alpha': 1e-05, 'model__hidden_layer_sizes': (100,), 'model__learning_rate_init': 0.0001}",0.6632326874708032,0.6882734680713205
75,0.6631934402667363,0.0,0.6883786599038004,0.0,28.892597675323486,0.0,0.049619197845458984,0.0,relu,1e-06,"(100,)",0.0001,"{'model__activation': 'relu', 'model__alpha': 1e-06, 'model__hidden_layer_sizes': (100,), 'model__learning_rate_init': 0.0001}",0.6631934402667363,0.6883786599038004
76,0.6626671835070829,0.0,0.695719547081028,0.0,13.466219186782837,0.0,0.054137468338012695,0.0,relu,0.01,"(50,)",0.001,"{'model__activation': 'relu', 'model__alpha': 0.01, 'model__hidden_layer_sizes': (50,), 'model__learning_rate_init': 0.001}",0.6626671835070829,0.695719547081028
77,0.6622906461660784,0.0,0.6670089249677497,0.0,39.16447186470032,0.0,0.06720995903015137,0.0,tanh,0.1,"(50, 50)",1e-05,"{'model__activation': 'tanh', 'model__alpha': 0.1, 'model__hidden_layer_sizes': (50, 50), 'model__learning_rate_init': 1e-05}",0.6622906461660784,0.6670089249677497
78,0.6622777328937121,0.0,0.66443978389812,0.0,120.9984347820282,0.0,1.4327731132507324,0.0,relu,0.1,"(50,)",0.01,"{'model__activation': 'relu', 'model__alpha': 0.1, 'model__hidden_layer_sizes': (50,), 'model__learning_rate_init': 0.01}",0.6622777328937121,0.66443978389812
79,0.6617846995645459,0.0,0.6959005543945924,0.0,12.043728828430176,0.0,0.04210495948791504,0.0,relu,0.0001,"(50,)",0.001,"{'model__activation': 'relu', 'model__alpha': 0.0001, 'model__hidden_layer_sizes': (50,), 'model__learning_rate_init': 0.001}",0.6617846995645459,0.6959005543945924
80,0.6616775761864326,0.0,0.6739084219577682,0.0,13.054124593734741,0.0,0.0396120548248291,0.0,relu,0.01,"(50, 50)",0.001,"{'model__activation': 'relu', 'model__alpha': 0.01, 'model__hidden_layer_sizes': (50, 50), 'model__learning_rate_init': 0.001}",0.6616775761864326,0.6739084219577682
81,0.6615900739992631,0.0,0.6751601854819573,0.0,11.526098012924194,0.0,0.04914665222167969,0.0,tanh,0.1,"(50,)",0.001,"{'model__activation': 'tanh', 'model__alpha': 0.1, 'model__hidden_layer_sizes': (50,), 'model__learning_rate_init': 0.001}",0.6615900739992631,0.6751601854819573
82,0.660688502462003,0.0,0.6617676689340475,0.0,44.11255240440369,0.0,0.059723615646362305,0.0,tanh,0.01,"(50,)",1e-05,"{'model__activation': 'tanh', 'model__alpha': 0.01, 'model__hidden_layer_sizes': (50,), 'model__learning_rate_init': 1e-05}",0.660688502462003,0.6617676689340475
83,0.6601550412528854,0.0,0.6871694512796801,0.0,13.947470664978027,0.0,0.05121183395385742,0.0,tanh,0.0001,"(50,)",0.01,"{'model__activation': 'tanh', 'model__alpha': 0.0001, 'model__hidden_layer_sizes': (50,), 'model__learning_rate_init': 0.01}",0.6601550412528854,0.6871694512796801
84,0.6599981719504143,0.0,0.6653039830565085,0.0,52.54245471954346,0.0,0.04209184646606445,0.0,relu,0.1,"(50,)",1e-05,"{'model__activation': 'relu', 'model__alpha': 0.1, 'model__hidden_layer_sizes': (50,), 'model__learning_rate_init': 1e-05}",0.6599981719504143,0.6653039830565085
85,0.6599603887772089,0.0,0.6853117670035692,0.0,11.161741733551025,0.0,0.04873919486999512,0.0,tanh,0.01,"(50,)",0.001,"{'model__activation': 'tanh', 'model__alpha': 0.01, 'model__hidden_layer_sizes': (50,), 'model__learning_rate_init': 0.001}",0.6599603887772089,0.6853117670035692
86,0.6595295227625321,0.0,0.661482293974869,0.0,41.66339039802551,0.0,0.053124427795410156,0.0,tanh,0.1,"(50,)",1e-05,"{'model__activation': 'tanh', 'model__alpha': 0.1, 'model__hidden_layer_sizes': (50,), 'model__learning_rate_init': 1e-05}",0.6595295227625321,0.661482293974869
87,0.6594963083079151,0.0,0.6693689194768356,0.0,98.07584118843079,0.0,0.04861187934875488,0.0,relu,0.1,"(50, 50)",1e-05,"{'model__activation': 'relu', 'model__alpha': 0.1, 'model__hidden_layer_sizes': (50, 50), 'model__learning_rate_init': 1e-05}",0.6594963083079151,0.6693689194768356
88,0.6594518757029145,0.0,0.6832823583620099,0.0,11.53190279006958,0.0,0.04060077667236328,0.0,relu,0.001,"(50,)",0.01,"{'model__activation': 'relu', 'model__alpha': 0.001, 'model__hidden_layer_sizes': (50,), 'model__learning_rate_init': 0.01}",0.6594518757029145,0.6832823583620099
89,0.6592796226571689,0.0,0.6891702580113063,0.0,24.7622332572937,0.0,0.05884552001953125,0.0,relu,0.1,"(100,)",0.001,"{'model__activation': 'relu', 'model__alpha': 0.1, 'model__hidden_layer_sizes': (100,), 'model__learning_rate_init': 0.001}",0.6592796226571689,0.6891702580113063
90,0.6585258489462884,0.0,0.6883812401104639,0.0,13.80257272720337,0.0,0.04410696029663086,0.0,relu,0.0001,"(50,)",0.01,"{'model__activation': 'relu', 'model__alpha': 0.0001, 'model__hidden_layer_sizes': (50,), 'model__learning_rate_init': 0.01}",0.6585258489462884,0.6883812401104639
91,0.6582320529360177,0.0,0.662677085025597,0.0,45.63160467147827,0.0,0.09223771095275879,0.0,tanh,0.01,"(50, 50)",1e-05,"{'model__activation': 'tanh', 'model__alpha': 0.01, 'model__hidden_layer_sizes': (50, 50), 'model__learning_rate_init': 1e-05}",0.6582320529360177,0.662677085025597
92,0.6581644361765092,0.0,0.6737294258901224,0.0,34.961381673812866,0.0,0.04662656784057617,0.0,relu,1e-05,"(50, 50)",0.0001,"{'model__activation': 'relu', 'model__alpha': 1e-05, 'model__hidden_layer_sizes': (50, 50), 'model__learning_rate_init': 0.0001}",0.6581644361765092,0.6737294258901224
93,0.6578952434508689,0.0,0.6737021581664375,0.0,30.085057258605957,0.0,0.04661393165588379,0.0,relu,0.001,"(50, 50)",0.0001,"{'model__activation': 'relu', 'model__alpha': 0.001, 'model__hidden_layer_sizes': (50, 50), 'model__learning_rate_init': 0.0001}",0.6578952434508689,0.6737021581664375
94,0.6578893290827081,0.0,0.6742097207851541,0.0,34.12480020523071,0.0,0.057730913162231445,0.0,relu,0.0001,"(50, 50)",0.0001,"{'model__activation': 'relu', 'model__alpha': 0.0001, 'model__hidden_layer_sizes': (50, 50), 'model__learning_rate_init': 0.0001}",0.6578893290827081,0.6742097207851541
95,0.657671161362811,0.0,0.6675470664429416,0.0,23.65270972251892,0.0,0.0566098690032959,0.0,relu,0.1,"(50, 50)",0.0001,"{'model__activation': 'relu', 'model__alpha': 0.1, 'model__hidden_layer_sizes': (50, 50), 'model__learning_rate_init': 0.0001}",0.657671161362811,0.6675470664429416
96,0.6575571664691436,0.0,0.6684808188080987,0.0,49.816352128982544,0.0,0.04961848258972168,0.0,relu,0.01,"(100,)",1e-05,"{'model__activation': 'relu', 'model__alpha': 0.01, 'model__hidden_layer_sizes': (100,), 'model__learning_rate_init': 1e-05}",0.6575571664691436,0.6684808188080987
97,0.6574412696686757,0.0,0.6736642703862254,0.0,28.576247215270996,0.0,0.046129703521728516,0.0,relu,1e-06,"(50, 50)",0.0001,"{'model__activation': 'relu', 'model__alpha': 1e-06, 'model__hidden_layer_sizes': (50, 50), 'model__learning_rate_init': 0.0001}",0.6574412696686757,0.6736642703862254
98,0.657075733997128,0.0,0.6578257329121435,0.0,21.140462160110474,0.0,0.07221269607543945,0.0,tanh,0.1,"(50, 50)",0.01,"{'model__activation': 'tanh', 'model__alpha': 0.1, 'model__hidden_layer_sizes': (50, 50), 'model__learning_rate_init': 0.01}",0.657075733997128,0.6578257329121435
99,0.6569404409721767,0.0,0.6940786671203981,0.0,16.704005241394043,0.0,0.06664800643920898,0.0,tanh,1e-06,"(100,)",0.01,"{'model__activation': 'tanh', 'model__alpha': 1e-06, 'model__hidden_layer_sizes': (100,), 'model__learning_rate_init': 0.01}",0.6569404409721767,0.6940786671203981
100,0.656434159854077,0.0,0.6579795071150127,0.0,36.685080766677856,0.0,0.043093204498291016,0.0,relu,0.01,"(50,)",1e-05,"{'model__activation': 'relu', 'model__alpha': 0.01, 'model__hidden_layer_sizes': (50,), 'model__learning_rate_init': 1e-05}",0.656434159854077,0.6579795071150127
101,0.6564005910975258,0.0,0.6682249773550781,0.0,21.29523205757141,0.0,0.0506281852722168,0.0,relu,0.01,"(50, 50)",0.0001,"{'model__activation': 'relu', 'model__alpha': 0.01, 'model__hidden_layer_sizes': (50, 50), 'model__learning_rate_init': 0.0001}",0.6564005910975258,0.6682249773550781
102,0.6556907358871352,0.0,0.6699446018531543,0.0,13.147235870361328,0.0,0.04361581802368164,0.0,relu,1e-06,"(50, 50)",0.01,"{'model__activation': 'relu', 'model__alpha': 1e-06, 'model__hidden_layer_sizes': (50, 50), 'model__learning_rate_init': 0.01}",0.6556907358871352,0.6699446018531543
103,0.6550576885293768,0.0,0.670095577479784,0.0,13.479547023773193,0.0,0.07568907737731934,0.0,relu,0.0001,"(50, 50)",0.01,"{'model__activation': 'relu', 'model__alpha': 0.0001, 'model__hidden_layer_sizes': (50, 50), 'model__learning_rate_init': 0.01}",0.6550576885293768,0.670095577479784
104,0.6548908330729293,0.0,0.6775211721494654,0.0,15.393326759338379,0.0,0.03611350059509277,0.0,relu,1e-06,"(50,)",0.01,"{'model__activation': 'relu', 'model__alpha': 1e-06, 'model__hidden_layer_sizes': (50,), 'model__learning_rate_init': 0.01}",0.6548908330729293,0.6775211721494654
105,0.6548256269674527,0.0,0.6567501327530705,0.0,35.02757430076599,0.0,0.04008960723876953,0.0,relu,0.001,"(50,)",1e-05,"{'model__activation': 'relu', 'model__alpha': 0.001, 'model__hidden_layer_sizes': (50,), 'model__learning_rate_init': 1e-05}",0.6548256269674527,0.6567501327530705
105,0.6548256269674527,0.0,0.6568353215840581,0.0,44.00937271118164,0.0,0.048200368881225586,0.0,relu,1e-05,"(50,)",1e-05,"{'model__activation': 'relu', 'model__alpha': 1e-05, 'model__hidden_layer_sizes': (50,), 'model__learning_rate_init': 1e-05}",0.6548256269674527,0.6568353215840581
105,0.6548256269674527,0.0,0.656797084404199,0.0,39.06256675720215,0.0,0.037102699279785156,0.0,relu,1e-06,"(50,)",1e-05,"{'model__activation': 'relu', 'model__alpha': 1e-06, 'model__hidden_layer_sizes': (50,), 'model__learning_rate_init': 1e-05}",0.6548256269674527,0.656797084404199
108,0.6547082392350327,0.0,0.6656614324386796,0.0,47.70746374130249,0.0,0.05366206169128418,0.0,relu,0.001,"(100,)",1e-05,"{'model__activation': 'relu', 'model__alpha': 0.001, 'model__hidden_layer_sizes': (100,), 'model__learning_rate_init': 1e-05}",0.6547082392350327,0.6656614324386796
108,0.6547082392350327,0.0,0.6656512576232214,0.0,52.17713165283203,0.0,0.05877566337585449,0.0,relu,0.0001,"(100,)",1e-05,"{'model__activation': 'relu', 'model__alpha': 0.0001, 'model__hidden_layer_sizes': (100,), 'model__learning_rate_init': 1e-05}",0.6547082392350327,0.6656512576232214
108,0.6547082392350327,0.0,0.6656512576232214,0.0,58.56592798233032,0.0,0.056145429611206055,0.0,relu,1e-05,"(100,)",1e-05,"{'model__activation': 'relu', 'model__alpha': 1e-05, 'model__hidden_layer_sizes': (100,), 'model__learning_rate_init': 1e-05}",0.6547082392350327,0.6656512576232214
108,0.6547082392350327,0.0,0.6656512576232214,0.0,47.17405962944031,0.0,0.05664992332458496,0.0,relu,1e-06,"(100,)",1e-05,"{'model__activation': 'relu', 'model__alpha': 1e-06, 'model__hidden_layer_sizes': (100,), 'model__learning_rate_init': 1e-05}",0.6547082392350327,0.6656512576232214
112,0.6546746415016453,0.0,0.656797084404199,0.0,36.73112726211548,0.0,0.04961204528808594,0.0,relu,0.0001,"(50,)",1e-05,"{'model__activation': 'relu', 'model__alpha': 0.0001, 'model__hidden_layer_sizes': (50,), 'model__learning_rate_init': 1e-05}",0.6546746415016453,0.656797084404199
113,0.6542536430701598,0.0,0.663305615059357,0.0,69.9071900844574,0.0,0.05431485176086426,0.0,relu,0.01,"(50, 50)",1e-05,"{'model__activation': 'relu', 'model__alpha': 0.01, 'model__hidden_layer_sizes': (50, 50), 'model__learning_rate_init': 1e-05}",0.6542536430701598,0.663305615059357
114,0.6541647114478537,0.0,0.6578542413617315,0.0,41.89054846763611,0.0,0.07072639465332031,0.0,tanh,0.001,"(50, 50)",1e-05,"{'model__activation': 'tanh', 'model__alpha': 0.001, 'model__hidden_layer_sizes': (50, 50), 'model__learning_rate_init': 1e-05}",0.6541647114478537,0.6578542413617315
114,0.6541647114478537,0.0,0.6578157392610534,0.0,39.33060169219971,0.0,0.05971384048461914,0.0,tanh,0.0001,"(50, 50)",1e-05,"{'model__activation': 'tanh', 'model__alpha': 0.0001, 'model__hidden_layer_sizes': (50, 50), 'model__learning_rate_init': 1e-05}",0.6541647114478537,0.6578157392610534
114,0.6541647114478537,0.0,0.6578157392610534,0.0,38.02976679801941,0.0,0.07269477844238281,0.0,tanh,1e-05,"(50, 50)",1e-05,"{'model__activation': 'tanh', 'model__alpha': 1e-05, 'model__hidden_layer_sizes': (50, 50), 'model__learning_rate_init': 1e-05}",0.6541647114478537,0.6578157392610534
114,0.6541647114478537,0.0,0.6578157392610534,0.0,27.301486492156982,0.0,0.05706048011779785,0.0,tanh,1e-06,"(50, 50)",1e-05,"{'model__activation': 'tanh', 'model__alpha': 1e-06, 'model__hidden_layer_sizes': (50, 50), 'model__learning_rate_init': 1e-05}",0.6541647114478537,0.6578157392610534
118,0.6535970237621838,0.0,0.681556520627763,0.0,11.064227104187012,0.0,0.046633005142211914,0.0,relu,0.001,"(50,)",0.001,"{'model__activation': 'relu', 'model__alpha': 0.001, 'model__hidden_layer_sizes': (50,), 'model__learning_rate_init': 0.001}",0.6535970237621838,0.681556520627763
119,0.6533447721031901,0.0,0.6856035537483953,0.0,19.12696075439453,0.0,0.08481192588806152,0.0,tanh,0.0001,"(100,)",0.01,"{'model__activation': 'tanh', 'model__alpha': 0.0001, 'model__hidden_layer_sizes': (100,), 'model__learning_rate_init': 0.01}",0.6533447721031901,0.6856035537483953
120,0.6533346764021732,0.0,0.6816545927297591,0.0,13.438503980636597,0.0,0.047670602798461914,0.0,relu,1e-05,"(50,)",0.001,"{'model__activation': 'relu', 'model__alpha': 1e-05, 'model__hidden_layer_sizes': (50,), 'model__learning_rate_init': 0.001}",0.6533346764021732,0.6816545927297591
121,0.6530893463538563,0.0,0.6639985258309353,0.0,75.52824711799622,0.0,0.049666643142700195,0.0,relu,0.001,"(50, 50)",1e-05,"{'model__activation': 'relu', 'model__alpha': 0.001, 'model__hidden_layer_sizes': (50, 50), 'model__learning_rate_init': 1e-05}",0.6530893463538563,0.6639985258309353
122,0.6530124696861237,0.0,0.6639604340113223,0.0,75.70400524139404,0.0,0.05414581298828125,0.0,relu,1e-05,"(50, 50)",1e-05,"{'model__activation': 'relu', 'model__alpha': 1e-05, 'model__hidden_layer_sizes': (50, 50), 'model__learning_rate_init': 1e-05}",0.6530124696861237,0.6639604340113223
122,0.6530124696861237,0.0,0.6639223389250252,0.0,68.87209367752075,0.0,0.04760479927062988,0.0,relu,1e-06,"(50, 50)",1e-05,"{'model__activation': 'relu', 'model__alpha': 1e-06, 'model__hidden_layer_sizes': (50, 50), 'model__learning_rate_init': 1e-05}",0.6530124696861237,0.6639223389250252
124,0.652974047698375,0.0,0.6639121698007673,0.0,85.44831967353821,0.0,0.07574200630187988,0.0,relu,0.0001,"(50, 50)",1e-05,"{'model__activation': 'relu', 'model__alpha': 0.0001, 'model__hidden_layer_sizes': (50, 50), 'model__learning_rate_init': 1e-05}",0.652974047698375,0.6639121698007673
125,0.6518419831509967,0.0,0.6764462634629833,0.0,14.317354679107666,0.0,0.048636674880981445,0.0,relu,0.001,"(100,)",0.001,"{'model__activation': 'relu', 'model__alpha': 0.001, 'model__hidden_layer_sizes': (100,), 'model__learning_rate_init': 0.001}",0.6518419831509967,0.6764462634629833
126,0.6517272040733998,0.0,0.6767171547041941,0.0,15.718282222747803,0.0,0.05764937400817871,0.0,relu,0.01,"(100,)",0.001,"{'model__activation': 'relu', 'model__alpha': 0.01, 'model__hidden_layer_sizes': (100,), 'model__learning_rate_init': 0.001}",0.6517272040733998,0.6767171547041941
127,0.6511106647590466,0.0,0.6810117897525487,0.0,15.566493511199951,0.0,0.04214072227478027,0.0,relu,1e-05,"(50,)",0.01,"{'model__activation': 'relu', 'model__alpha': 1e-05, 'model__hidden_layer_sizes': (50,), 'model__learning_rate_init': 0.01}",0.6511106647590466,0.6810117897525487
128,0.6510729950265524,0.0,0.661149330977026,0.0,18.594900608062744,0.0,0.10347485542297363,0.0,relu,1e-05,"(50, 50)",0.01,"{'model__activation': 'relu', 'model__alpha': 1e-05, 'model__hidden_layer_sizes': (50, 50), 'model__learning_rate_init': 0.01}",0.6510729950265524,0.661149330977026
129,0.6508427171442901,0.0,0.6749571793355601,0.0,35.445544719696045,0.0,0.07718229293823242,0.0,tanh,0.01,"(50, 50)",0.01,"{'model__activation': 'tanh', 'model__alpha': 0.01, 'model__hidden_layer_sizes': (50, 50), 'model__learning_rate_init': 0.01}",0.6508427171442901,0.6749571793355601
130,0.6504998585742499,0.0,0.6767386915875445,0.0,14.651206016540527,0.0,0.04208993911743164,0.0,relu,0.0001,"(100,)",0.001,"{'model__activation': 'relu', 'model__alpha': 0.0001, 'model__hidden_layer_sizes': (100,), 'model__learning_rate_init': 0.001}",0.6504998585742499,0.6767386915875445
131,0.6503845252131666,0.0,0.6761055524955882,0.0,16.066338539123535,0.0,0.04617595672607422,0.0,relu,1e-06,"(100,)",0.001,"{'model__activation': 'relu', 'model__alpha': 1e-06, 'model__hidden_layer_sizes': (100,), 'model__learning_rate_init': 0.001}",0.6503845252131666,0.6761055524955882
132,0.650308036323193,0.0,0.6760296916651881,0.0,16.563809156417847,0.0,0.0773766040802002,0.0,relu,1e-05,"(100,)",0.001,"{'model__activation': 'relu', 'model__alpha': 1e-05, 'model__hidden_layer_sizes': (100,), 'model__learning_rate_init': 0.001}",0.650308036323193,0.6760296916651881
133,0.6503042229263485,0.0,0.681784807739727,0.0,11.852603435516357,0.0,0.04315352439880371,0.0,tanh,1e-06,"(50,)",0.01,"{'model__activation': 'tanh', 'model__alpha': 1e-06, 'model__hidden_layer_sizes': (50,), 'model__learning_rate_init': 0.01}",0.6503042229263485,0.681784807739727
134,0.6497768951126048,0.0,0.6614894500497515,0.0,16.495664834976196,0.0,0.051622867584228516,0.0,relu,0.0001,"(100,)",0.01,"{'model__activation': 'relu', 'model__alpha': 0.0001, 'model__hidden_layer_sizes': (100,), 'model__learning_rate_init': 0.01}",0.6497768951126048,0.6614894500497515
135,0.6493958135982435,0.0,0.6700505648073641,0.0,21.20528817176819,0.0,0.05613827705383301,0.0,relu,0.01,"(100,)",0.01,"{'model__activation': 'relu', 'model__alpha': 0.01, 'model__hidden_layer_sizes': (100,), 'model__learning_rate_init': 0.01}",0.6493958135982435,0.6700505648073641
136,0.6489696351078971,0.0,0.6703618324645723,0.0,18.38878583908081,0.0,0.05314755439758301,0.0,relu,1e-06,"(100,)",0.01,"{'model__activation': 'relu', 'model__alpha': 1e-06, 'model__hidden_layer_sizes': (100,), 'model__learning_rate_init': 0.01}",0.6489696351078971,0.6703618324645723
137,0.6485968155458482,0.0,0.6575147749886185,0.0,45.66472268104553,0.0,0.049964189529418945,0.0,relu,0.1,"(100,)",1e-05,"{'model__activation': 'relu', 'model__alpha': 0.1, 'model__hidden_layer_sizes': (100,), 'model__learning_rate_init': 1e-05}",0.6485968155458482,0.6575147749886185
138,0.6481364725008943,0.0,0.6590459671109357,0.0,14.633190155029297,0.0,0.06918740272521973,0.0,tanh,0.0001,"(50, 50)",0.01,"{'model__activation': 'tanh', 'model__alpha': 0.0001, 'model__hidden_layer_sizes': (50, 50), 'model__learning_rate_init': 0.01}",0.6481364725008943,0.6590459671109357
139,0.6480574327738889,0.0,0.6591370192994076,0.0,14.702168703079224,0.0,0.06167483329772949,0.0,tanh,1e-05,"(50, 50)",0.01,"{'model__activation': 'tanh', 'model__alpha': 1e-05, 'model__hidden_layer_sizes': (50, 50), 'model__learning_rate_init': 0.01}",0.6480574327738889,0.6591370192994076
140,0.6479021625100898,0.0,0.6591370192994076,0.0,13.702048778533936,0.0,0.07468533515930176,0.0,tanh,1e-06,"(50, 50)",0.01,"{'model__activation': 'tanh', 'model__alpha': 1e-06, 'model__hidden_layer_sizes': (50, 50), 'model__learning_rate_init': 0.01}",0.6479021625100898,0.6591370192994076
141,0.645812975747996,0.0,0.6805528522518779,0.0,18.073856353759766,0.0,0.0686953067779541,0.0,tanh,0.001,"(100,)",0.01,"{'model__activation': 'tanh', 'model__alpha': 0.001, 'model__hidden_layer_sizes': (100,), 'model__learning_rate_init': 0.01}",0.645812975747996,0.6805528522518779
142,0.6413052900495099,0.0,0.6789442311836567,0.0,19.052168130874634,0.0,0.05874466896057129,0.0,relu,0.001,"(100,)",0.01,"{'model__activation': 'relu', 'model__alpha': 0.001, 'model__hidden_layer_sizes': (100,), 'model__learning_rate_init': 0.01}",0.6413052900495099,0.6789442311836567
143,0.641023680084395,0.0,0.6599906739517927,0.0,15.74551248550415,0.0,0.06718230247497559,0.0,tanh,1e-05,"(100,)",0.01,"{'model__activation': 'tanh', 'model__alpha': 1e-05, 'model__hidden_layer_sizes': (100,), 'model__learning_rate_init': 0.01}",0.641023680084395,0.6599906739517927
144,0.6329677557417062,0.0,0.6421107184741222,0.0,29.036126136779785,0.0,0.08722758293151855,0.0,tanh,0.1,"(100,)",0.01,"{'model__activation': 'tanh', 'model__alpha': 0.1, 'model__hidden_layer_sizes': (100,), 'model__learning_rate_init': 0.01}",0.6329677557417062,0.6421107184741222
